{
    "Benchmark": 0.9051992021441739,
    "StressTest": 0.12995737816646216
}